<?xml version="1.0" ?>
<LOG_ROOT>
	<PROJECT NAME="tx_dds3">
		<CBX_INST_ENTRY INSTANCE_NAME="|tx_dds3|flu_gen:U2|lpm_mult:Mult0" CBX_FILE_NAME="mult_dft.tdf"/>
		<CBX_INST_ENTRY INSTANCE_NAME="|tx_dds3|out_data:U4|other:other_inst|altsyncram:altsyncram_component" CBX_FILE_NAME="altsyncram_nr91.tdf"/>
		<CBX_INST_ENTRY INSTANCE_NAME="|tx_dds3|out_data:U4|sin:sin_inst|altsyncram:altsyncram_component" CBX_FILE_NAME="altsyncram_73a1.tdf"/>
		<CBX_INST_ENTRY INSTANCE_NAME="|tx_dds3|out_data:U4|triangle:triangle_inst|altsyncram:altsyncram_component" CBX_FILE_NAME="altsyncram_b5a1.tdf"/>
		<CBX_INST_ENTRY INSTANCE_NAME="|tx_dds3|sld_signaltap:auto_signaltap_0|sld_signaltap_impl:sld_signaltap_body|sld_offload_buffer_mgr:\stp_non_zero_depth_offload_gen:stp_offload_buff_mgr_inst|LPM_COUNTER:read_pointer_counter" CBX_FILE_NAME="cntr_h6j.tdf"/>
		<CBX_INST_ENTRY INSTANCE_NAME="|tx_dds3|smg_view:U6|wave_view:U1|number_mod_module:U1|lpm_divide:Mod0" CBX_FILE_NAME="lpm_divide_m9m.tdf"/>
		<CBX_INST_ENTRY INSTANCE_NAME="|tx_dds3|sld_signaltap:auto_signaltap_0|sld_signaltap_impl:sld_signaltap_body|altsyncram:\stp_non_zero_ram_gen:stp_buffer_ram" CBX_FILE_NAME="altsyncram_cu14.tdf"/>
		<CBX_INST_ENTRY INSTANCE_NAME="|tx_dds3|sld_signaltap:auto_signaltap_0|sld_signaltap_impl:sld_signaltap_body|sld_offload_buffer_mgr:\stp_non_zero_depth_offload_gen:stp_offload_buff_mgr_inst|LPM_COUNTER:status_advance_pointer_counter" CBX_FILE_NAME="cntr_jgi.tdf"/>
		<CBX_INST_ENTRY INSTANCE_NAME="|tx_dds3|out_data:U4|sawtooh:sawtooh_inst|altsyncram:altsyncram_component" CBX_FILE_NAME="altsyncram_q2a1.tdf"/>
		<CBX_INST_ENTRY INSTANCE_NAME="|tx_dds3|out_data:U4|square:square_inst|altsyncram:altsyncram_component" CBX_FILE_NAME="altsyncram_6v91.tdf"/>
		<CBX_INST_ENTRY INSTANCE_NAME="|tx_dds3|pll:pll_inst|altpll:altpll_component" CBX_FILE_NAME="pll_altpll.v"/>
		<CBX_INST_ENTRY INSTANCE_NAME="|tx_dds3|sld_signaltap:auto_signaltap_0|sld_signaltap_impl:sld_signaltap_body|altdpram:\stp_non_zero_ram_gen:attribute_mem_gen:attribute_mem|lpm_mux:mux" CBX_FILE_NAME="mux_0tc.tdf"/>
		<CBX_INST_ENTRY INSTANCE_NAME="|tx_dds3|sld_signaltap:auto_signaltap_0|sld_signaltap_impl:sld_signaltap_body|sld_offload_buffer_mgr:\stp_non_zero_depth_offload_gen:stp_offload_buff_mgr_inst|LPM_COUNTER:\adv_point_3_and_more:advance_pointer_counter" CBX_FILE_NAME="cntr_cgi.tdf"/>
		<CBX_INST_ENTRY INSTANCE_NAME="|tx_dds3|sld_signaltap:auto_signaltap_0|sld_signaltap_impl:sld_signaltap_body|altdpram:\stp_non_zero_ram_gen:attribute_mem_gen:attribute_mem|lpm_decode:wdecoder" CBX_FILE_NAME="decode_dvf.tdf"/>
		<CBX_INST_ENTRY INSTANCE_NAME="|tx_dds3|sld_signaltap:auto_signaltap_0|sld_signaltap_impl:sld_signaltap_body|sld_offload_buffer_mgr:\stp_non_zero_depth_offload_gen:stp_offload_buff_mgr_inst|LPM_COUNTER:status_read_pointer_counter" CBX_FILE_NAME="cntr_23j.tdf"/>
	</PROJECT>
</LOG_ROOT>
