{
	"partitions" : [
		{
			"name" : "Top",
			"pins" : [
				{
					"name" : "DA_DATA[0]",
					"strict" : false
				},
				{
					"name" : "DA_DATA[1]",
					"strict" : false
				},
				{
					"name" : "DA_DATA[2]",
					"strict" : false
				},
				{
					"name" : "DA_DATA[3]",
					"strict" : false
				},
				{
					"name" : "DA_DATA[4]",
					"strict" : false
				},
				{
					"name" : "DA_DATA[5]",
					"strict" : false
				},
				{
					"name" : "DA_DATA[6]",
					"strict" : false
				},
				{
					"name" : "DA_DATA[7]",
					"strict" : false
				},
				{
					"name" : "DA_CLK",
					"strict" : false
				},
				{
					"name" : "L_FRQ_W",
					"strict" : false
				},
				{
					"name" : "L_wave_kind[0]",
					"strict" : false
				},
				{
					"name" : "L_wave_kind[1]",
					"strict" : false
				},
				{
					"name" : "L_wave_kind[2]",
					"strict" : false
				},
				{
					"name" : "rst_n",
					"strict" : false
				},
				{
					"name" : "clk",
					"strict" : false
				},
				{
					"name" : "key_in[1]",
					"strict" : false
				},
				{
					"name" : "key_in[2]",
					"strict" : false
				},
				{
					"name" : "key_in[0]",
					"strict" : false
				}
			]
		}
	]
}